Session,Focus,Adjusted volume load,Duration,Adjusted work ratio,% increase from last session,% of first session
PH.S1,Beginning of reversals reintroduction,52030,31.0,1.085,,100.00%
1.9,Volume load increase ,44688,26.5,1.119,-12.50%,85.89%
2.0,30 minute session,50540,30.5,1.067,-1.04%,97.14%
2.1,30 minutes with movements. ,52814,30.6,1.073,3.41%,101.51%
2.2,Slight increase ,54211,29.3,1.272,6.15%,104.19%
2.3,Movement control,54583,29.7,1.281,6.88%,104.91%
2.4,Movement then ratio change,57243,31.2,1.272,12.08%,110.02%
2.5,Aiming intro,55488,30.0,1.146,8.65%,106.65%
Me,PH session,50035,27.1,1.220,-2.03%,96.16%